1,Abilene Christian,31,13,18,.419,-13.73,-7.32,8,10,10,5,2,12,2209,2272,,1250,771,1704,.452,209,570,.367,458,653,.701,269,991,422,233,78,418,681
2,Air Force,32,14,18,.438,-5.48,0.69,5,13,12,5,2,13,2189,2330,,1300,752,1758,.428,202,596,.339,483,707,.683,283,1107,420,196,58,422,617
3,Akron,34,26,8,.765,5.89,-1.39,13,5,15,0,6,7,2619,2309,,1360,888,2041,.435,400,1027,.389,443,639,.693,357,1267,497,184,133,370,601
4,Alabama A&M,29,11,18,.379,-13.25,-10.54,6,12,6,5,4,12,1974,2042,,1175,681,1632,.417,175,599,.292,439,642,.684,330,1000,366,163,61,338,561
5,Alabama-Birmingham,32,26,6,.813,3.88,-3.48,16,2,16,0,10,3,2527,2226,,1300,916,1910,.480,238,642,.371,457,637,.717,359,1231,590,207,196,400,566
6,Alabama State,31,14,17,.452,-12.83,-9.07,9,9,8,3,5,12,2217,2308,,1260,788,1918,.411,215,647,.332,426,623,.684,389,1154,372,181,107,371,646
7,Alabama,32,18,14,.563,7.84,8.81,8,10,10,4,5,7,2139,2170,,1290,721,1690,.427,251,732,.343,446,697,.640,313,1110,338,180,168,426,617
8,Albany (NY),32,24,8,.750,1.18,-7.73,13,3,14,1,10,7,2405,2086,,1290,812,1770,.459,180,561,.321,601,803,.748,376,1228,399,212,52,404,560
9,Alcorn State,30,15,15,.500,-15.78,-9.71,13,5,9,2,6,9,2014,2164,,1225,691,1692,.408,174,566,.307,458,676,.678,384,1072,272,134,111,427,548
10,American,31,12,19,.387,-13.90,-5.80,9,9,5,7,7,12,1785,2036,,1250,631,1487,.424,195,572,.341,328,471,.696,218,874,348,176,69,422,566
11,Appalachian State,31,9,22,.290,-7.73,-0.92,7,13,6,7,2,12,2187,2398,,1240,719,1795,.401,256,720,.356,493,701,.703,393,1142,357,127,103,461,666
12,Arizona State,32,15,17,.469,8.68,9.37,5,13,11,6,3,9,2345,2367,,1290,796,1919,.415,254,757,.336,499,726,.687,394,1177,405,170,86,384,649
13,Arizona,33,25,8,.758,19.50,7.29,12,6,17,1,5,5,2680,2277,,1350,926,1922,.482,215,562,.383,613,848,.723,384,1329,478,162,158,421,599
14,Arkansas-Little Rock,32,28,4,.875,6.63,-2.98,17,3,14,0,12,4,2271,1918,,1285,810,1775,.456,243,623,.390,408,557,.732,293,1082,423,208,103,336,594
15,Arkansas-Pine Bluff,33,8,25,.242,-18.98,-5.19,6,12,3,6,4,17,1867,2322,,1325,674,1722,.391,202,666,.303,317,519,.611,322,1004,317,235,123,515,723
16,Arkansas State,31,11,20,.355,-7.29,-2.18,7,13,9,6,2,14,2282,2353,,1260,770,1873,.411,180,570,.316,562,766,.734,334,1243,381,157,136,398,613
17,Arkansas,32,16,16,.500,10.68,7.21,9,9,13,4,3,8,2501,2390,,1305,883,1992,.443,216,544,.397,519,748,.694,374,1187,518,233,165,356,687
18,Army,32,19,13,.594,-6.72,-8.01,9,9,7,8,11,5,2474,2395,,1310,870,2020,.431,284,844,.336,450,647,.696,396,1301,488,160,117,433,612
19,Auburn,31,11,20,.355,0.57,7.96,5,13,8,7,2,11,2192,2421,,1245,724,1820,.398,272,799,.340,472,746,.633,346,1134,352,166,126,427,658
20,Austin Peay,35,18,17,.514,-5.90,-3.53,7,9,7,7,7,9,2661,2660,,1420,920,1988,.463,219,630,.348,602,899,.670,407,1289,473,242,101,489,610
21,Ball State,32,19,13,.594,0.28,-2.91,10,8,12,6,5,7,2251,2116,,1295,777,1738,.447,275,735,.374,422,612,.690,291,1147,471,177,120,413,606
22,Baylor,33,22,11,.667,17.07,10.38,10,8,15,5,6,5,2546,2287,,1335,903,1935,.467,204,556,.367,536,737,.727,453,1235,587,260,133,425,636
23,Belmont,31,20,11,.645,1.27,-2.43,12,4,11,1,8,9,2554,2417,,1245,888,1794,.495,324,894,.362,454,629,.722,266,1077,532,140,77,438,615
24,Bethune-Cookman,32,14,18,.438,-14.03,-8.86,10,6,9,2,5,13,2258,2330,,1295,799,1932,.414,249,787,.316,411,597,.688,407,1186,371,197,191,412,601
25,Binghamton,30,8,22,.267,-13.91,-6.17,5,11,5,9,3,13,1827,2059,,1205,629,1614,.390,171,599,.285,398,584,.682,273,1023,333,161,68,418,558
26,Boise State,32,20,12,.625,7.25,3.15,11,7,14,2,5,7,2480,2246,,1290,842,1859,.453,261,788,.331,535,755,.709,315,1110,430,209,64,371,622
27,Boston College,32,7,25,.219,-1.46,7.83,0,18,6,11,0,10,1959,2256,,1285,717,1752,.409,230,712,.323,295,453,.651,243,997,410,181,93,427,579
28,Boston University,32,18,14,.563,-6.67,-6.47,11,7,9,6,9,8,2342,2315,,1295,813,1787,.455,252,694,.363,464,649,.715,293,1153,432,183,122,435,609
29,Bowling Green State,34,16,18,.471,-5.70,-1.67,5,13,7,8,7,8,2400,2457,,1360,849,1913,.444,203,563,.361,499,761,.656,346,1238,398,209,113,430,655
30,Bradley,32,5,27,.156,-10.91,3.71,3,15,4,11,1,12,1793,2238,,1290,606,1596,.380,165,590,.280,416,628,.662,277,1083,292,142,87,540,744
31,Brigham Young,33,23,10,.697,12.09,1.62,13,5,14,2,6,6,2758,2382,,1325,979,2118,.462,294,774,.380,506,735,.688,398,1356,545,219,140,383,624
32,Brown,28,8,20,.286,-8.07,-2.85,3,11,7,6,1,13,2040,2155,,1140,697,1625,.429,225,639,.352,421,600,.702,272,1019,414,150,114,373,543
33,Bryant,31,8,23,.258,-18.29,-6.42,5,13,4,10,4,13,2018,2361,,1250,755,1798,.420,198,615,.322,310,482,.643,300,1048,415,176,83,418,591
34,Bucknell,30,17,13,.567,-1.72,-5.99,14,4,8,7,9,6,2368,2198,,1225,803,1725,.466,223,608,.367,539,754,.715,311,1101,475,197,98,414,641
35,Buffalo,34,20,14,.588,1.29,0.63,10,8,10,5,5,9,2637,2555,,1370,892,2037,.438,253,750,.337,600,845,.710,418,1332,433,236,123,465,722
36,Butler,31,21,10,.677,16.23,6.81,10,8,13,3,5,5,2498,2206,,1245,868,1864,.466,220,569,.387,542,741,.731,354,1132,445,210,104,320,615
37,Cal Poly,30,10,20,.333,-3.16,1.23,4,12,5,7,3,12,2171,2255,,1220,755,1812,.417,238,681,.349,423,626,.676,352,1095,425,163,96,309,602
38,Cal State Bakersfield,32,24,8,.750,2.75,-5.74,11,3,14,1,7,7,2337,2022,,1290,849,1881,.451,174,506,.344,465,712,.653,400,1228,501,257,162,390,686
39,Cal State Fullerton,30,10,20,.333,-6.87,-0.51,3,13,5,8,5,9,2104,2227,,1205,698,1703,.410,193,582,.332,515,743,.693,335,1116,304,147,48,392,610
40,Cal State Northridge,30,10,20,.333,-6.56,-0.56,5,11,5,7,4,12,2143,2261,,1225,745,1723,.432,126,425,.296,527,735,.717,303,1086,423,203,96,419,604
41,UC-Davis,30,11,19,.367,-5.29,-0.97,6,10,8,7,3,11,1914,1980,,1225,697,1608,.433,164,463,.354,356,557,.639,255,1033,342,186,49,427,531
42,UC-Irvine,34,25,9,.735,5.71,1.11,13,3,11,2,10,4,2417,2240,,1370,863,1876,.460,211,569,.371,480,702,.684,328,1251,518,189,179,417,626
43,UC-Riverside,33,14,19,.424,-5.42,-2.84,5,11,7,9,7,9,2299,2300,,1320,788,1839,.428,252,716,.352,471,670,.703,328,1163,410,170,101,433,654
44,UC-Santa Barbara,31,18,13,.581,4.48,1.71,11,5,6,5,10,6,2216,2092,,1245,816,1837,.444,236,643,.367,348,493,.706,327,1163,473,189,95,389,613
45,University of California,33,23,10,.697,16.38,8.29,12,6,18,0,4,7,2479,2212,,1335,867,1875,.462,233,632,.369,512,780,.656,370,1312,424,136,158,399,682
46,Campbell,30,12,18,.400,-10.72,-6.32,5,13,7,9,5,8,2207,2203,,1205,744,1671,.445,224,675,.332,495,690,.717,242,967,345,214,72,353,582
47,Canisius,33,14,19,.424,-5.22,-3.37,8,12,7,7,4,11,2526,2587,,1355,845,2014,.420,285,836,.341,551,744,.741,393,1116,466,199,88,368,640
48,Central Arkansas,28,7,21,.250,-14.94,-6.58,6,12,4,6,2,14,2110,2344,,1120,734,1656,.443,185,497,.372,457,694,.659,331,1044,370,152,104,405,575
49,Central Connecticut State,29,4,25,.138,-22.07,-8.96,3,15,3,11,1,14,1888,2268,,1175,682,1704,.400,164,480,.342,360,530,.679,336,1046,341,127,107,402,505
50,Central Florida,30,12,18,.400,0.38,3.21,6,12,8,8,4,9,2062,2147,,1210,715,1663,.430,207,650,.318,425,619,.687,329,1166,379,137,139,440,467
51,Central Michigan,32,17,15,.531,-0.18,-0.93,10,8,13,3,4,8,2422,2325,,1285,841,1903,.442,309,874,.354,431,600,.718,319,1119,426,152,87,293,593
52,Charleston Southern,30,9,21,.300,-10.56,-2.23,5,13,6,8,3,12,2146,2253,,1210,774,1808,.428,280,810,.346,318,512,.621,308,1053,379,153,63,378,576
53,Charlotte,33,14,19,.424,-3.01,-1.59,9,9,8,7,5,8,2584,2631,,1340,920,2066,.445,266,696,.382,478,685,.698,370,1196,481,204,73,394,588
54,Chattanooga,34,29,5,.853,3.94,-3.75,15,3,13,1,10,4,2578,2265,,1370,869,1904,.456,259,712,.364,581,793,.733,371,1217,495,265,163,422,577
55,Chicago State,32,4,28,.125,-17.30,-1.16,0,14,4,9,0,15,2140,2478,,1280,764,1995,.383,228,750,.304,384,573,.670,413,1172,375,246,98,456,697
56,Cincinnati,32,22,10,.688,15.60,5.28,12,6,14,3,6,6,2342,2012,,1315,823,1925,.428,242,701,.345,454,645,.704,427,1260,495,254,186,353,498
57,Citadel,32,10,22,.313,-15.59,-4.38,3,15,6,8,3,13,2753,2962,,1285,938,2242,.418,363,1121,.324,514,704,.730,400,1148,489,281,99,438,770
58,Clemson,31,17,14,.548,12.24,7.08,10,8,13,4,3,8,2159,1999,,1250,753,1725,.437,238,678,.351,415,574,.723,320,1072,411,179,162,313,511
59,Cleveland State,32,9,23,.281,-9.11,0.16,4,14,5,9,3,10,1947,2169,,1285,704,1746,.403,174,537,.324,365,538,.678,338,1061,327,196,87,458,670
60,Coastal Carolina,29,18,11,.621,-1.63,-4.37,12,6,11,3,7,5,2167,1953,,1165,770,1672,.461,214,620,.345,413,619,.667,326,1132,358,173,91,357,511
61,Colgate,30,13,17,.433,-8.39,-5.84,9,9,8,4,5,13,2093,2145,,1220,747,1673,.447,267,718,.372,332,488,.680,280,951,398,184,72,362,583
62,College of Charleston,31,17,14,.548,2.67,0.34,8,10,10,5,6,8,2028,1921,,1250,722,1718,.420,206,595,.346,378,567,.667,339,1090,361,222,75,392,620
63,Colorado State,34,18,16,.529,2.26,1.48,8,10,12,5,3,8,2700,2626,,1400,878,2067,.425,326,896,.364,618,861,.718,441,1359,455,131,77,394,657
64,Colorado,33,22,11,.667,12.62,7.87,10,8,16,1,4,7,2509,2333,,1330,842,1978,.426,250,637,.392,575,778,.739,436,1399,453,172,164,439,616
65,Columbia,31,21,10,.677,2.34,-2.59,10,4,14,4,7,6,2362,2146,,1255,798,1758,.454,293,783,.374,473,665,.711,318,1086,450,198,105,336,592
66,Connecticut,33,23,10,.697,15.91,5.70,11,7,14,3,6,4,2424,2087,,1340,878,1910,.460,231,636,.363,437,557,.785,319,1204,454,193,166,366,592
67,Coppin State,31,9,22,.290,-15.35,-5.66,6,10,5,7,3,14,2240,2497,,1280,741,1933,.383,238,715,.333,520,737,.706,406,1144,348,174,91,406,666
68,Cornell,28,10,18,.357,-9.58,-1.07,3,11,5,8,5,10,1992,2193,,1130,703,1674,.420,233,682,.342,353,542,.651,244,910,302,217,107,371,563
69,Creighton,32,18,14,.563,13.04,6.51,9,9,12,5,4,8,2546,2337,,1280,892,1904,.468,262,744,.352,500,712,.702,299,1169,490,195,100,367,609
70,Dartmouth,28,10,18,.357,-5.57,-3.27,4,10,8,6,2,12,1992,1989,,1130,700,1606,.436,156,458,.341,436,603,.723,336,1005,367,192,48,402,569
71,Davidson,32,20,12,.625,6.00,5.06,10,8,15,1,3,9,2534,2492,,1285,868,1960,.443,304,859,.354,494,650,.760,307,1126,482,150,100,324,548
72,Dayton,32,25,7,.781,12.09,4.72,14,4,14,3,8,2,2342,2106,,1295,818,1780,.460,215,621,.346,491,730,.673,317,1237,469,189,142,416,610
73,Delaware State,32,7,25,.219,-20.57,-6.53,5,11,6,7,1,17,1980,2336,,1290,710,1815,.391,230,698,.330,330,536,.616,340,1063,367,173,93,442,635
74,Delaware,30,7,23,.233,-8.47,0.99,2,16,5,7,2,15,1986,2270,,1205,669,1663,.402,168,517,.325,480,701,.685,330,1132,319,108,87,357,535
75,Denver,31,16,15,.516,-3.11,-3.01,7,9,8,7,6,6,2021,2024,,1240,689,1449,.476,235,613,.383,408,530,.770,168,781,443,198,71,400,593
76,DePaul,31,9,22,.290,0.65,8.17,3,15,5,9,3,10,2092,2325,,1245,752,1691,.445,168,490,.343,420,618,.680,317,1059,366,150,95,458,687
77,Detroit Mercy,31,16,15,.516,-2.37,-0.75,9,9,11,4,4,10,2595,2567,,1245,898,1929,.466,244,651,.375,555,795,.698,373,1169,409,213,133,422,706
78,Drake,31,7,24,.226,-5.20,0.86,2,16,5,9,0,12,2093,2230,,1255,736,1639,.449,215,559,.385,406,562,.722,253,1043,378,116,65,417,559
79,Drexel,31,6,25,.194,-5.14,2.16,3,15,3,9,2,12,1958,2183,,1245,677,1721,.393,170,517,.329,434,634,.685,324,1022,384,141,108,344,676
80,Duke,33,23,10,.697,20.08,10.69,11,7,15,3,5,4,2688,2378,,1330,905,1973,.459,306,791,.387,572,792,.722,404,1198,443,212,136,323,548
81,Duquesne,32,16,16,.500,1.69,1.56,6,12,9,6,4,7,2512,2483,,1290,891,1944,.458,301,830,.363,429,626,.685,327,1253,496,153,121,443,634
82,East Carolina,32,12,20,.375,-0.17,3.43,4,14,8,8,3,10,2186,2301,,1305,761,1790,.425,232,683,.340,432,620,.697,320,1093,486,183,64,424,536
83,East Tennessee State,34,23,11,.676,-0.93,-2.34,14,4,13,2,8,8,2644,2500,,1375,924,1998,.462,271,718,.377,525,738,.711,357,1214,417,229,126,429,684
84,Eastern Illinois,30,13,17,.433,-8.17,-3.35,9,7,9,5,4,9,2145,2213,,1220,764,1737,.440,232,664,.349,385,587,.656,299,1002,417,177,68,364,583
85,Eastern Kentucky,31,15,16,.484,-3.33,-3.66,6,10,10,6,5,10,2497,2453,,1240,864,1760,.491,258,653,.395,511,700,.730,274,1004,495,218,95,457,665
86,Eastern Michigan,33,18,15,.545,0.12,1.50,9,9,14,3,4,11,2553,2460,,1330,875,1961,.446,187,602,.311,616,854,.721,386,1194,379,312,122,423,674
87,Eastern Washington,32,17,15,.531,-4.44,-6.38,10,8,10,2,5,11,2620,2460,,1280,911,1862,.489,329,861,.382,469,688,.682,299,1061,424,195,122,366,627
88,Elon,32,16,16,.500,-0.39,0.95,7,11,8,8,8,7,2429,2413,,1285,865,1942,.445,303,885,.342,396,599,.661,335,1184,488,176,72,411,607
89,Evansville,34,25,9,.735,8.06,-0.43,12,6,13,3,8,4,2526,2221,,1370,879,1795,.490,158,448,.353,610,843,.724,260,1202,595,178,147,426,601
90,Fairfield,32,19,13,.594,-2.94,-2.69,12,8,11,4,7,7,2460,2468,,1305,854,1925,.444,289,798,.362,463,630,.735,291,1113,498,207,132,421,613
91,Fairleigh Dickinson,32,18,14,.563,-9.99,-8.32,11,7,9,6,9,8,2493,2504,,1295,906,1959,.462,230,634,.363,451,645,.699,340,1075,456,241,86,414,694
92,Florida A&M,29,8,21,.276,-21.43,-10.35,4,12,6,6,1,14,1863,2128,,1190,644,1606,.401,168,555,.303,407,691,.589,293,1010,319,192,65,466,566
93,Florida Atlantic,33,8,25,.242,-10.16,-1.58,5,13,5,7,2,14,2189,2445,,1325,752,1847,.407,229,678,.338,456,624,.731,282,1071,385,175,140,401,631
94,Florida Gulf Coast,33,20,13,.606,-1.68,-4.40,8,6,16,4,4,8,2540,2325,,1355,949,1991,.477,176,493,.357,466,720,.647,392,1327,446,218,132,409,637
95,Florida International,32,13,19,.406,-5.14,-4.71,7,11,7,9,5,8,2277,2242,,1300,834,1779,.469,181,499,.363,428,645,.664,328,1196,391,162,148,414,598
96,Florida State,32,19,13,.594,12.66,8.35,8,10,10,4,4,7,2499,2361,,1285,894,1919,.466,214,617,.347,497,721,.689,367,1181,425,230,132,412,623
97,Florida,33,19,14,.576,14.95,9.92,9,9,12,4,4,8,2429,2263,,1325,838,1989,.421,229,735,.312,524,814,.644,434,1325,430,209,146,376,647
98,Fordham,30,17,13,.567,2.45,0.31,8,10,14,4,3,7,2140,2059,,1215,757,1690,.448,232,673,.345,394,576,.684,311,1031,468,252,116,411,594
99,Fresno State,34,25,9,.735,5.27,1.80,13,5,16,2,6,7,2561,2395,,1380,900,2073,.434,212,620,.342,549,793,.692,404,1278,458,280,135,361,741
100,Furman,33,18,15,.545,-2.44,-4.12,11,7,13,1,3,12,2357,2196,,1320,799,1752,.456,237,733,.323,522,742,.704,355,1173,404,200,106,435,594
101,Gardner-Webb,33,17,16,.515,-6.54,-3.58,10,8,9,4,5,11,2476,2451,,1335,871,2039,.427,276,807,.342,458,701,.653,435,1257,442,265,113,438,666
102,George Mason,32,11,21,.344,-1.64,3.76,5,13,7,8,2,11,2140,2313,,1290,766,1888,.406,172,589,.292,436,650,.671,419,1359,328,92,119,405,570
103,George Washington,33,23,10,.697,10.18,3.67,11,7,14,3,7,5,2483,2268,,1330,841,1896,.444,229,622,.368,572,756,.757,391,1250,463,198,110,374,541
104,Georgetown,33,15,18,.455,10.11,8.29,7,11,9,8,4,8,2430,2370,,1335,820,1858,.441,261,770,.339,529,704,.751,316,1181,492,180,146,436,755
105,Georgia Southern,31,14,17,.452,-5.44,-2.92,10,10,10,4,4,12,2353,2307,,1250,781,1903,.410,282,834,.338,509,728,.699,374,1131,344,232,73,359,691
106,Georgia State,30,16,14,.533,-2.66,-2.05,9,11,12,3,4,10,1971,1950,,1220,705,1597,.441,149,436,.342,412,598,.689,243,925,352,200,91,349,578
107,Georgia Tech,33,19,14,.576,12.16,9.98,8,10,13,5,4,7,2417,2345,,1325,881,1980,.445,192,549,.350,461,641,.719,438,1290,443,150,139,365,594
108,Georgia,32,19,13,.594,10.04,8.95,10,8,14,4,3,8,2243,2208,,1290,744,1770,.420,205,560,.366,550,783,.702,372,1252,396,156,167,425,669
109,Gonzaga,33,26,7,.788,16.27,3.52,15,3,11,4,9,2,2630,2186,,1325,929,1909,.487,258,681,.379,514,676,.760,350,1307,457,166,98,369,577
110,Grambling,31,7,24,.226,-19.35,-8.21,4,14,5,7,2,15,1924,2110,,1250,658,1606,.410,152,556,.273,456,706,.646,281,1012,298,210,52,442,615
111,Grand Canyon,31,25,6,.806,2.14,-5.20,11,3,16,2,7,4,2381,2128,,1245,824,1804,.457,192,517,.371,541,769,.704,362,1188,463,190,80,378,579
112,Green Bay,35,23,12,.657,1.45,-1.25,11,7,11,3,8,9,2948,2788,,1415,1027,2294,.448,246,703,.350,648,984,.659,451,1360,487,344,161,421,701
113,Hampton,31,21,10,.677,-8.20,-9.10,13,3,9,2,8,7,2318,2289,,1265,793,1911,.415,203,659,.308,529,805,.657,437,1291,377,168,117,432,638
114,Hartford,33,10,23,.303,-14.09,-5.50,4,12,4,12,6,11,2336,2588,,1345,777,1906,.408,319,902,.354,463,619,.748,229,992,408,221,63,385,702
115,Harvard,30,14,16,.467,-0.93,-0.22,6,8,8,5,4,10,2001,1985,,1205,734,1648,.445,220,569,.387,313,526,.595,318,1118,452,150,150,434,538
116,Hawaii,32,27,5,.844,8.92,-1.88,13,3,16,3,7,2,2483,2128,,1285,843,1824,.462,230,704,.327,567,833,.681,342,1198,504,252,120,416,648
117,High Point,31,21,10,.677,0.20,-4.44,13,5,12,3,8,6,2407,2170,,1250,863,1794,.481,175,457,.383,506,662,.764,326,1049,479,251,94,331,545
118,Hofstra,33,24,9,.727,5.19,0.75,14,4,11,2,9,4,2601,2427,,1350,884,1993,.444,279,786,.355,554,806,.687,391,1294,496,207,107,386,525
119,Holy Cross,33,14,19,.424,-10.86,-6.52,5,13,8,6,5,13,2156,2299,,1345,737,1784,.413,236,721,.327,446,644,.693,269,995,459,213,83,359,555
120,Houston Baptist,33,17,16,.515,-10.20,-5.03,10,8,12,3,4,10,2539,2513,,1320,876,1841,.476,196,542,.362,591,826,.715,338,1206,456,176,131,486,629
121,Houston,31,22,9,.710,11.10,2.10,12,6,15,3,6,4,2414,2135,,1265,872,1868,.467,213,605,.352,457,650,.703,402,1177,402,186,120,325,596
122,Howard,32,12,20,.375,-14.14,-8.04,6,10,8,7,2,12,2311,2433,,1300,750,1846,.406,144,486,.296,667,914,.730,403,1218,275,197,102,475,632
123,Idaho State,31,16,15,.516,-9.63,-6.49,11,7,10,3,5,10,2297,2357,,1240,769,1767,.435,250,687,.364,509,700,.727,284,1078,380,226,90,408,587
124,Idaho,33,21,12,.636,-4.74,-5.61,12,6,11,4,8,6,2309,2183,,1325,778,1759,.442,217,572,.379,536,756,.709,380,1231,413,173,88,492,713
125,Illinois-Chicago,30,5,25,.167,-14.52,-0.80,3,15,5,10,0,13,2019,2348,,1220,697,1796,.388,133,440,.302,492,795,.619,406,1235,347,168,162,453,640
126,Illinois State,32,18,14,.563,3.31,2.51,12,6,13,3,5,8,2149,2114,,1285,759,1835,.414,238,706,.337,393,588,.668,344,1141,402,205,115,403,622
127,Illinois,34,15,19,.441,4.82,7.46,5,13,7,8,2,8,2452,2542,,1395,861,1993,.432,277,764,.363,453,607,.746,258,1075,462,199,65,355,585
128,Incarnate Word,29,17,12,.586,-8.92,-5.92,12,6,10,3,7,9,2145,2140,,1165,718,1653,.434,234,622,.376,475,620,.766,232,974,428,200,75,368,538
129,Indiana State,32,15,17,.469,-0.03,2.13,8,10,10,4,2,11,2170,2222,,1295,715,1822,.392,210,692,.303,530,765,.693,341,1213,340,184,86,422,688
130,Indiana,32,25,7,.781,19.83,6.45,15,3,17,0,6,4,2633,2205,,1285,934,1864,.501,316,762,.415,449,621,.723,385,1196,511,222,127,433,582
131,Iona,32,22,10,.688,4.00,-1.94,16,4,11,2,8,6,2547,2357,,1285,888,1947,.456,320,860,.372,451,633,.712,339,1181,539,242,132,408,622
132,Iowa State,32,21,11,.656,17.62,10.75,10,8,14,2,4,7,2619,2399,,1295,998,1990,.502,265,697,.380,358,507,.706,291,1154,529,197,135,371,496
133,Iowa,31,21,10,.677,18.06,8.67,12,6,13,2,6,5,2421,2130,,1245,855,1898,.450,255,667,.382,456,634,.719,369,1190,496,211,148,322,504
134,IPFW,33,24,9,.727,0.63,-1.86,12,4,12,1,10,6,2646,2506,,1330,913,1956,.467,347,838,.414,473,660,.717,331,1198,503,181,108,399,572
135,IUPUI,32,13,19,.406,-5.64,0.33,9,7,9,2,4,15,2181,2362,,1290,785,1858,.422,183,549,.333,428,607,.705,320,1105,355,213,81,426,651
136,Jackson State,34,19,15,.559,-8.58,-9.71,12,6,11,2,6,12,2320,2211,,1380,847,2094,.404,223,734,.304,403,639,.631,460,1361,416,263,125,420,730
137,Jacksonville State,31,8,23,.258,-10.04,-3.73,4,12,5,10,2,12,2100,2234,,1245,721,1792,.402,243,709,.343,415,567,.732,315,994,377,158,96,329,611
138,Jacksonville,32,16,16,.500,-9.26,-6.01,8,6,12,3,4,11,2444,2431,,1290,866,1985,.436,278,715,.389,434,640,.678,339,1218,402,207,85,374,592
139,James Madison,32,21,11,.656,6.46,0.78,11,7,12,6,9,3,2405,2197,,1305,830,1848,.449,278,775,.359,467,682,.685,335,1247,406,139,97,380,612
140,Kansas State,33,17,16,.515,12.86,10.34,5,13,12,5,2,9,2334,2251,,1345,805,1876,.429,175,583,.300,549,798,.688,437,1204,458,249,91,460,659
141,Kansas,34,30,4,.882,24.42,11.73,15,3,16,0,7,3,2773,2303,,1380,976,1974,.494,283,664,.426,538,762,.706,361,1283,542,232,139,425,640
142,Kennesaw State,31,11,20,.355,-8.46,-1.49,7,7,8,6,3,14,2239,2399,,1245,811,1826,.444,179,508,.352,438,625,.701,322,1039,378,216,99,407,605
143,Kent State,32,19,13,.594,-1.31,-1.24,10,8,13,3,6,8,2361,2317,,1290,834,1871,.446,185,564,.328,508,744,.683,405,1204,373,170,106,380,578
144,Kentucky,33,25,8,.758,20.41,8.81,13,5,17,0,4,7,2627,2244,,1330,943,1971,.478,226,613,.369,515,753,.684,431,1282,477,182,184,363,676
145,La Salle,31,9,22,.290,-6.01,4.73,4,14,7,9,1,12,1987,2279,,1240,690,1707,.404,259,762,.340,348,520,.669,274,957,388,217,92,396,539
146,Lafayette,30,6,24,.200,-14.79,-5.79,3,15,4,9,2,15,2142,2412,,1235,758,1742,.435,245,671,.365,381,551,.691,242,955,416,171,68,390,588
147,Lamar,30,11,19,.367,-14.49,-8.57,3,15,7,9,4,10,2263,2310,,1200,771,1819,.424,197,617,.319,524,781,.671,415,1171,425,225,116,438,699
148,Lehigh,32,17,15,.531,-4.21,-4.98,13,5,10,5,7,9,2268,2210,,1280,810,1777,.456,237,604,.392,411,565,.727,307,1095,477,214,103,416,548
149,Liberty,32,13,19,.406,-10.05,-3.36,10,8,8,6,5,9,2070,2188,,1280,738,1644,.449,283,774,.366,311,434,.717,214,943,419,178,44,446,638
150,Lipscomb,33,12,21,.364,-8.77,-3.74,7,7,6,9,5,9,2590,2689,,1340,888,2017,.440,331,921,.359,483,695,.695,335,1202,549,208,98,458,628
151,Long Beach State,34,20,14,.588,4.28,4.62,12,4,11,2,6,9,2511,2461,,1375,860,2004,.429,279,757,.369,512,748,.684,357,1216,516,220,87,410,695
152,Long Island University,31,16,15,.516,-11.45,-10.67,9,9,8,6,8,9,2362,2386,,1255,813,1884,.432,179,602,.297,557,779,.715,385,1173,432,238,87,422,652
153,Longwood,33,10,23,.303,-11.10,-4.83,5,13,5,8,4,12,2397,2503,,1330,860,1899,.453,227,650,.349,450,636,.708,352,1197,421,205,91,471,624
154,Louisiana-Lafayette,31,17,14,.548,2.11,-1.85,12,8,12,2,4,11,2464,2265,,1250,847,1907,.444,200,654,.306,570,819,.696,444,1289,392,201,114,400,591
155,Louisiana-Monroe,32,20,12,.625,0.63,-1.44,15,5,13,0,6,10,2364,2232,,1310,854,1854,.461,216,600,.360,440,627,.702,360,1179,459,176,107,394,572
156,Louisiana State,33,19,14,.576,9.24,7.46,11,7,15,3,3,8,2602,2543,,1330,915,1990,.460,203,620,.327,569,856,.665,368,1231,507,263,90,392,609
157,Louisiana Tech,32,23,9,.719,0.25,-4.39,12,6,16,1,7,7,2541,2307,,1305,886,1929,.459,226,682,.331,543,812,.669,345,1215,447,238,138,397,578
158,Louisville,31,23,8,.742,21.81,7.97,12,6,18,1,4,7,2324,1895,,1240,866,1847,.469,186,536,.347,406,588,.690,415,1183,419,222,149,355,597
159,Loyola (IL),32,15,17,.469,-0.80,1.00,7,11,9,7,4,7,2059,2082,,1295,722,1700,.425,196,565,.347,413,565,.731,246,977,370,189,90,402,584
160,Loyola Marymount,31,14,17,.452,-3.45,1.06,6,12,8,6,5,10,2208,2319,,1265,796,1903,.418,227,669,.339,389,536,.726,349,1047,482,211,90,351,631
161,Loyola (MD),30,9,21,.300,-10.54,-4.87,8,10,5,9,4,12,2090,2260,,1230,732,1702,.430,161,530,.304,465,653,.712,334,1054,338,162,102,391,648
162,Maine,30,8,22,.267,-17.19,-6.29,4,12,5,8,3,14,2279,2606,,1215,825,1909,.432,228,673,.339,401,611,.656,337,1055,433,249,90,489,638
163,Manhattan,31,13,18,.419,-7.06,-2.71,9,11,8,6,4,11,2133,2268,,1255,708,1644,.431,232,643,.361,485,655,.740,242,916,436,238,71,444,672
164,Marist,30,7,23,.233,-11.29,-4.12,4,16,4,10,2,12,2145,2360,,1220,723,1713,.422,248,726,.342,451,615,.733,261,975,350,138,81,364,587
165,Marquette,33,20,13,.606,7.54,5.45,8,10,12,7,5,5,2517,2448,,1340,884,1888,.468,194,572,.339,555,764,.726,311,1179,533,258,137,484,620
166,Marshall,33,17,16,.515,0.98,-0.14,12,6,10,4,5,9,2838,2801,,1330,1017,2183,.466,332,985,.337,472,681,.693,341,1230,554,226,103,424,637
167,Maryland-Baltimore County,32,7,25,.219,-15.17,-6.67,3,13,4,9,3,15,2307,2579,,1290,788,1788,.441,216,652,.331,515,754,.683,279,1017,393,223,57,398,636
168,Maryland-Eastern Shore,32,10,22,.313,-13.95,-5.89,7,9,7,4,3,17,2178,2399,,1295,759,1715,.443,201,610,.330,459,648,.708,337,1100,403,188,72,521,691
169,Maryland,33,25,8,.758,17.40,8.27,12,6,16,1,4,6,2510,2187,,1325,876,1793,.489,252,673,.374,506,667,.759,304,1195,461,193,177,431,547
170,Massachusetts-Lowell,29,11,18,.379,-13.44,-6.01,7,9,6,6,5,12,2221,2401,,1170,800,1705,.469,240,659,.364,381,556,.685,249,947,426,205,71,454,596
171,Massachusetts,32,14,18,.438,0.75,3.07,6,12,9,7,3,9,2353,2427,,1300,817,1903,.429,234,709,.330,485,694,.699,307,1141,443,207,113,407,668
172,McNeese State,29,9,20,.310,-14.98,-6.48,7,11,7,6,2,13,2083,2301,,1185,719,1751,.411,205,617,.332,440,629,.700,321,1045,331,171,126,370,583
173,Memphis,33,19,14,.576,10.39,3.51,8,10,14,6,2,8,2545,2318,,1330,856,2068,.414,201,619,.325,632,873,.724,432,1352,500,258,185,406,660
174,Mercer,33,19,14,.576,-2.51,-4.25,8,10,10,3,3,10,2389,2274,,1350,849,1897,.448,206,590,.349,485,667,.727,423,1324,491,167,84,416,572
175,Miami (FL),32,25,7,.781,19.33,10.52,13,5,15,1,6,5,2420,2138,,1285,837,1756,.477,219,599,.366,527,702,.751,307,1120,410,194,116,343,530
176,Miami (OH),33,13,20,.394,-5.67,-0.01,6,12,10,8,3,11,2089,2249,,1320,719,1781,.404,178,582,.306,471,646,.729,326,1068,336,218,72,399,617
177,Michigan State,33,28,5,.848,23.78,7.02,13,5,14,2,7,3,2646,2093,,1330,954,1964,.486,302,694,.435,436,599,.728,407,1383,684,149,170,390,630
178,Michigan,34,22,12,.647,14.37,8.12,10,8,13,4,4,6,2526,2294,,1365,898,1926,.466,326,849,.384,404,548,.737,267,1089,509,188,74,333,530
179,Middle Tennessee,33,24,9,.727,2.29,-1.80,13,5,11,3,8,6,2399,2254,,1325,857,1902,.451,260,673,.386,425,689,.617,341,1220,431,205,116,396,672
180,Milwaukee,33,20,13,.606,2.95,-1.95,10,8,9,4,7,6,2618,2391,,1345,879,1927,.456,306,842,.363,554,718,.772,321,1195,566,149,86,362,562
181,Minnesota,31,8,23,.258,1.29,7.29,2,16,7,10,0,9,2108,2294,,1255,724,1785,.406,191,616,.310,469,662,.708,309,1066,379,170,112,354,565
182,Mississippi State,31,14,17,.452,8.63,6.47,7,11,10,5,2,9,2323,2256,,1245,850,1862,.456,225,674,.334,398,549,.725,325,1094,431,202,132,392,596
183,Mississippi Valley State,35,8,27,.229,-19.63,-7.89,6,12,3,6,3,19,2293,2704,,1425,826,2129,.388,179,590,.303,462,667,.693,380,1245,373,241,82,468,671
184,Mississippi,32,20,12,.625,8.32,5.23,10,8,12,2,7,7,2405,2306,,1290,796,1916,.415,252,746,.338,561,791,.709,424,1229,412,242,100,386,635
185,Missouri-Kansas City,31,12,19,.387,-6.04,-1.97,4,10,9,4,2,13,2152,2240,,1245,746,1738,.429,213,588,.362,447,663,.674,356,1084,350,181,98,414,651
186,Missouri State,32,13,19,.406,-3.57,2.53,8,10,8,7,4,8,2153,2321,,1290,752,1817,.414,168,533,.315,481,713,.675,333,1135,390,199,130,409,622
187,Missouri,31,10,21,.323,2.96,7.35,3,15,10,7,0,11,2126,2262,,1240,732,1736,.422,175,565,.310,487,688,.708,295,1108,362,169,81,389,636
188,Monmouth,34,27,7,.794,5.93,-1.80,17,3,10,1,13,4,2700,2437,,1370,905,2074,.436,267,722,.370,623,813,.766,366,1320,417,283,122,422,720
189,Montana State,31,14,17,.452,-6.84,-5.27,9,9,8,3,4,12,2369,2411,,1245,831,1916,.434,297,797,.373,410,598,.686,394,1159,392,149,62,375,683
190,Montana,32,21,11,.656,-0.52,-4.35,14,4,12,2,7,8,2318,2146,,1290,812,1750,.464,242,658,.368,452,651,.694,298,1109,431,169,81,393,690
191,Morehead State,31,19,12,.613,0.63,-2.27,11,5,12,2,6,9,2243,2084,,1250,801,1826,.439,186,496,.375,455,657,.693,457,1153,442,246,75,396,708
192,Morgan State,31,9,22,.290,-12.20,-7.60,6,10,6,6,2,15,2089,2223,,1250,734,1854,.396,161,535,.301,460,672,.685,377,1089,349,188,68,367,572
193,Mount St. Mary's,33,14,19,.424,-9.57,-7.63,10,8,9,3,5,15,2218,2282,,1335,788,1967,.401,226,713,.317,416,601,.692,318,1022,361,248,119,400,655
194,Murray State,31,17,14,.548,-1.46,-2.94,10,6,10,4,4,8,2212,2093,,1245,770,1694,.455,226,621,.364,444,613,.724,308,1018,445,186,66,367,617
195,Navy,33,19,14,.576,-4.72,-6.78,9,9,6,9,11,4,2230,2135,,1340,805,1768,.455,141,469,.301,479,748,.640,370,1187,448,188,125,432,648
196,Nebraska-Omaha,31,18,13,.581,0.29,-1.85,10,6,9,4,7,8,2617,2499,,1255,919,1943,.473,187,564,.332,592,797,.743,324,1094,441,291,94,403,626
197,Nebraska,34,16,18,.471,9.17,5.91,6,12,10,8,3,8,2456,2345,,1370,883,1976,.447,220,634,.347,470,644,.730,377,1197,397,250,112,397,656
198,Nevada-Las Vegas,33,18,15,.545,5.48,3.16,8,10,13,3,2,10,2581,2427,,1350,887,2015,.440,252,760,.332,555,815,.681,371,1270,499,266,168,468,700
199,Nevada,32,19,13,.594,2.11,2.24,10,8,11,3,5,9,2383,2287,,1305,817,1966,.416,163,567,.287,586,801,.732,399,1309,392,232,182,425,685
200,New Hampshire,31,19,12,.613,-8.25,-7.14,11,5,11,3,8,9,2203,2164,,1250,762,1824,.418,201,617,.326,478,664,.720,358,1211,367,123,54,358,551
201,New Mexico State,33,23,10,.697,3.56,-3.86,13,1,15,2,7,7,2368,2087,,1340,864,1855,.466,173,520,.333,467,691,.676,401,1359,465,135,158,453,521
202,New Mexico,32,17,15,.531,5.16,2.53,10,8,12,4,5,7,2432,2348,,1285,829,1782,.465,196,540,.363,578,783,.738,310,1173,462,180,130,488,657
203,New Orleans,30,10,20,.333,-13.99,-7.95,6,12,7,5,3,14,2249,2325,,1205,763,1820,.419,162,480,.338,561,816,.688,422,1137,408,252,77,452,640
204,Niagara,32,7,25,.219,-10.92,-3.52,5,15,5,8,1,14,2067,2304,,1300,735,1821,.404,166,589,.282,431,620,.695,385,1168,347,165,103,461,626
205,Nicholls State,34,11,23,.324,-16.42,-4.97,6,12,8,4,1,17,2298,2598,,1375,787,1875,.420,212,694,.305,512,782,.655,315,1144,433,229,164,533,686
206,NJIT,31,17,14,.548,-4.95,-4.95,8,6,9,6,8,8,2339,2310,,1250,804,1811,.444,266,768,.346,465,626,.743,299,1076,488,206,72,394,610
207,Norfolk State,33,17,16,.515,-6.60,-6.79,12,4,9,2,7,9,2440,2408,,1330,792,1858,.426,240,679,.353,616,795,.775,363,1146,401,187,169,412,703
208,North Carolina-Asheville,33,22,11,.667,1.66,-3.79,12,6,11,3,6,7,2496,2227,,1330,877,1916,.458,190,586,.324,552,795,.694,384,1246,411,307,110,430,575
209,North Carolina A&T,32,10,22,.313,-16.47,-8.18,7,9,8,6,2,13,2169,2433,,1305,745,1836,.406,199,633,.314,480,675,.711,357,1148,339,162,77,437,718
210,North Carolina Central,32,13,19,.406,-12.62,-9.65,7,9,8,5,3,12,2220,2235,,1285,779,1805,.432,200,575,.348,462,697,.663,395,1178,406,186,54,438,635
211,North Carolina-Greensboro,32,14,18,.438,-5.70,-2.77,10,8,11,4,3,13,2333,2357,,1290,840,1871,.449,276,760,.363,377,553,.682,306,1098,424,194,77,384,641
212,North Carolina State,33,16,17,.485,10.10,9.32,5,13,11,7,3,8,2482,2456,,1330,866,1999,.433,207,595,.348,543,777,.699,457,1306,383,149,141,364,558
213,North Carolina-Wilmington,32,25,7,.781,6.37,0.01,14,4,12,2,8,5,2535,2286,,1295,898,1971,.456,219,651,.336,520,741,.702,384,1203,428,241,140,366,760
214,North Carolina,34,28,6,.824,23.05,10.35,14,4,15,1,6,5,2797,2365,,1360,1047,2187,.479,183,583,.314,520,705,.738,477,1393,612,234,149,370,609
215,North Dakota State,33,20,13,.606,-0.66,-2.72,8,8,12,1,4,11,2271,2129,,1325,817,1837,.445,214,630,.340,423,619,.683,302,1149,347,198,117,346,523
216,North Dakota,32,17,15,.531,-3.76,-5.14,10,8,10,4,4,9,2388,2277,,1295,849,1862,.456,191,536,.356,499,732,.682,284,1173,423,251,90,423,675
217,North Florida,33,22,11,.667,-0.94,-4.51,10,4,14,2,7,9,2797,2607,,1320,976,2010,.486,402,977,.411,443,611,.725,287,1135,547,173,170,361,538
218,North Texas,32,12,20,.375,-9.74,-3.14,7,11,11,7,1,12,2386,2505,,1285,830,1838,.452,187,567,.330,539,838,.643,360,1158,362,210,98,443,685
219,Northeastern,33,18,15,.545,1.91,1.66,9,9,7,7,8,7,2376,2339,,1365,793,1808,.439,286,770,.371,504,704,.716,295,1111,485,202,109,407,546
220,Northern Arizona,30,5,25,.167,-18.11,-2.65,3,15,4,9,1,15,2054,2438,,1225,699,1749,.400,220,650,.338,436,619,.704,260,1002,372,185,60,388,563
221,Northern Colorado,31,10,21,.323,-12.01,-3.81,7,11,7,9,3,10,2292,2482,,1240,780,1726,.452,203,545,.372,529,727,.728,326,1077,320,178,78,428,703
222,Northern Illinois,33,21,12,.636,-0.11,-1.11,9,9,18,1,3,10,2400,2215,,1330,821,1916,.428,234,666,.351,524,765,.685,405,1295,466,241,114,420,667
223,Northern Iowa,34,22,12,.647,8.23,3.60,11,7,11,3,6,8,2312,2139,,1365,801,1752,.457,278,742,.375,432,574,.753,185,1022,406,193,88,330,515
224,Northern Kentucky,30,9,21,.300,-6.78,-0.61,5,13,7,7,2,13,2116,2233,,1210,755,1719,.439,234,656,.357,372,545,.683,281,1033,439,142,88,407,615
225,Northwestern State,28,8,20,.286,-15.46,-5.37,5,13,6,7,2,13,2224,2413,,1120,770,1688,.456,207,578,.358,477,623,.766,286,919,433,174,90,407,560
226,Northwestern,32,20,12,.625,10.52,4.49,8,10,14,4,5,6,2304,2111,,1305,837,1859,.450,278,776,.358,352,528,.667,342,1167,527,124,121,329,605
227,Notre Dame,32,21,11,.656,14.27,9.14,11,7,14,2,5,5,2423,2259,,1285,869,1844,.471,235,637,.369,450,612,.735,349,1154,431,179,126,309,496
228,Oakland,32,21,11,.656,5.69,-1.72,13,5,8,4,11,5,2762,2525,,1285,920,2006,.459,284,718,.396,638,831,.768,374,1268,500,191,112,371,613
229,Ohio State,33,20,13,.606,9.80,7.37,11,7,14,5,4,6,2324,2244,,1335,830,1869,.444,208,612,.340,456,679,.672,350,1241,379,183,178,425,584
230,Ohio,32,21,11,.656,2.31,-0.94,11,7,14,2,5,6,2508,2383,,1285,859,1818,.472,273,699,.391,517,689,.750,273,1136,448,138,117,379,590
231,Oklahoma State,32,12,20,.375,8.78,9.40,3,15,8,8,1,9,2128,2148,,1295,723,1709,.423,205,625,.328,477,654,.729,310,1111,389,179,132,399,636
232,Oklahoma,32,25,7,.781,20.93,10.96,12,6,14,1,7,5,2573,2254,,1295,884,1928,.459,334,784,.426,471,647,.728,342,1242,465,221,167,413,538
233,Old Dominion,35,22,13,.629,4.12,-2.53,12,6,11,4,7,6,2397,2164,,1410,907,2051,.442,143,475,.301,440,648,.679,464,1360,461,201,144,322,642
234,Oral Roberts,31,14,17,.452,-2.43,0.85,6,10,8,4,4,12,2356,2384,,1245,832,1821,.457,194,514,.377,498,665,.749,299,1101,384,162,133,373,563
235,Oregon State,31,19,12,.613,11.00,9.57,9,9,12,3,4,7,2234,2169,,1240,786,1783,.441,211,570,.370,451,672,.671,330,1074,418,231,104,352,623
236,Oregon,34,28,6,.824,18.15,8.99,14,4,18,0,5,5,2680,2350,,1365,933,1997,.467,234,670,.349,580,812,.714,398,1229,464,259,201,392,608
237,Pacific,28,8,20,.286,-3.44,2.49,6,12,6,8,2,11,1948,2009,,1140,685,1559,.439,190,576,.330,388,575,.675,282,993,362,125,71,377,637
238,Penn State,32,16,16,.500,3.60,7.38,7,11,11,4,3,8,2107,2228,,1290,732,1799,.407,211,665,.317,432,621,.696,333,1109,322,166,141,361,644
239,Pennsylvania,28,11,17,.393,-6.29,-2.26,5,9,9,6,2,11,1911,2013,,1130,685,1606,.427,200,657,.304,341,508,.671,287,1001,381,146,75,371,513
240,Pepperdine,31,18,13,.581,2.90,2.00,10,8,10,3,6,7,2277,2208,,1260,813,1796,.453,154,446,.345,497,735,.676,339,1143,442,179,87,346,577
241,Pittsburgh,32,21,11,.656,15.73,8.66,9,9,15,4,3,6,2433,2173,,1290,860,1871,.460,201,578,.348,512,679,.754,410,1221,541,159,118,373,562
242,Portland State,31,13,18,.419,-7.97,-5.76,8,10,8,6,4,11,2408,2409,,1240,908,1904,.477,167,519,.322,425,645,.659,329,1096,527,263,112,392,589
243,Portland,32,12,20,.375,-2.09,0.69,6,12,8,7,3,9,2483,2552,,1285,868,2012,.431,289,787,.367,458,633,.724,369,1130,425,208,128,389,697
244,Prairie View,31,7,24,.226,-17.14,-6.52,7,11,4,6,3,16,1873,2202,,1240,657,1727,.380,127,467,.272,432,630,.686,355,998,269,239,84,462,691
245,Presbyterian,31,11,20,.355,-13.02,-4.63,5,13,7,8,3,11,2093,2259,,1245,754,1743,.433,148,502,.295,437,615,.711,298,1047,350,206,60,430,595
246,Princeton,28,22,6,.786,7.34,-2.07,12,2,13,0,9,5,2213,1903,,1130,771,1653,.466,271,697,.389,400,566,.707,279,1033,419,199,100,317,478
247,Providence,33,23,10,.697,11.87,7.63,10,8,13,4,7,4,2441,2301,,1335,833,1974,.422,234,729,.321,541,744,.727,385,1208,525,219,119,385,556
248,Purdue,33,26,7,.788,21.06,7.39,12,6,17,1,5,5,2581,2130,,1325,913,1925,.474,256,688,.372,499,674,.740,390,1360,588,141,154,396,570
249,Quinnipiac,30,9,21,.300,-9.96,-4.56,6,14,6,8,3,11,1969,2131,,1215,698,1897,.368,229,671,.341,344,532,.647,495,1299,377,146,141,458,611
250,Radford,31,16,15,.516,-4.80,-3.08,9,9,8,6,7,7,2266,2248,,1270,844,1885,.448,226,658,.343,352,541,.651,408,1173,410,183,138,411,580
251,Rhode Island,32,17,15,.531,8.09,3.46,9,9,13,4,3,9,2220,2072,,1295,782,1762,.444,213,584,.365,443,662,.669,335,1118,391,170,159,369,606
252,Rice,32,12,20,.375,-8.64,-2.54,7,11,9,8,3,11,2427,2576,,1285,813,1798,.452,228,716,.318,573,773,.741,295,1051,419,205,89,418,562
253,Richmond,32,16,16,.500,7.49,4.77,7,11,9,7,5,7,2450,2363,,1295,890,1848,.482,240,674,.356,430,652,.660,251,1021,531,210,74,327,610
254,Rider,33,13,20,.394,-4.59,-3.20,8,12,7,6,4,12,2177,2223,,1340,769,1803,.427,204,647,.315,435,638,.682,330,1170,416,189,124,420,587
255,Robert Morris,32,10,22,.313,-13.27,-7.49,8,10,4,8,5,14,2082,2267,,1285,741,1780,.416,178,645,.276,422,633,.667,303,1042,400,265,127,448,552
256,Rutgers,32,7,25,.219,-6.69,6.79,1,17,7,11,0,11,2166,2571,,1295,785,1878,.418,161,503,.320,435,640,.680,314,1113,377,195,113,441,562
257,Sacramento State,31,14,17,.452,-8.43,-5.12,6,12,10,5,3,11,2210,2237,,1245,790,1784,.443,209,618,.338,421,627,.671,302,1112,434,175,130,365,631
258,Sacred Heart,30,12,18,.400,-12.67,-8.71,11,7,6,5,5,13,2217,2336,,1210,785,1795,.437,169,544,.311,478,695,.688,378,1128,363,190,77,430,625
259,Saint Francis (PA),30,13,17,.433,-12.25,-8.73,9,9,8,6,5,11,2110,2181,,1210,716,1700,.421,218,607,.359,460,662,.695,349,1093,356,140,95,376,515
260,Saint Joseph's,33,26,7,.788,11.49,3.97,13,5,12,4,10,2,2551,2303,,1325,891,1984,.449,236,720,.328,533,741,.719,340,1277,495,168,113,334,524
261,Saint Louis,32,11,21,.344,-2.62,3.60,5,13,7,11,3,8,2106,2305,,1290,724,1726,.419,199,607,.328,459,653,.703,230,1045,426,175,66,435,646
262,Saint Mary's (CA),32,27,5,.844,14.38,0.77,15,3,18,1,7,3,2397,1951,,1280,879,1726,.509,284,687,.413,355,509,.697,289,1126,538,156,110,303,499
263,Saint Peter's,30,14,16,.467,-4.62,-3.92,12,8,9,5,5,10,1966,1987,,1210,700,1660,.422,183,560,.327,383,582,.658,321,1102,357,164,96,392,528
264,Sam Houston State,33,18,15,.545,-5.57,-6.16,12,6,10,4,6,9,2474,2346,,1325,851,1958,.435,255,746,.342,517,747,.692,375,1224,554,182,56,380,726
265,Samford,33,14,19,.424,-5.54,-4.09,4,14,6,7,5,11,2440,2442,,1345,845,1857,.455,177,548,.323,573,798,.718,346,1143,435,226,113,453,691
266,San Diego State,34,25,9,.735,11.24,3.87,16,2,13,4,9,2,2315,2049,,1370,778,1852,.420,197,617,.319,562,817,.688,399,1318,360,192,184,426,590
267,San Diego,30,9,21,.300,-7.65,1.56,4,14,6,7,1,11,1822,2074,,1200,630,1614,.390,192,673,.285,370,559,.662,289,995,328,139,118,408,640
268,San Francisco,30,15,15,.500,-2.74,-0.50,8,10,10,7,5,7,2329,2362,,1220,808,1839,.439,233,659,.354,480,708,.678,389,1181,371,162,88,379,619
269,San Jose State,31,9,22,.290,-5.82,1.32,4,14,7,7,1,13,2186,2290,,1245,756,1783,.424,212,690,.307,462,701,.659,322,1130,449,186,120,429,687
270,Santa Clara,31,11,20,.355,-4.55,1.98,7,11,7,8,3,9,2083,2272,,1265,713,1741,.410,232,675,.344,425,592,.718,279,1047,383,134,83,349,613
271,Savannah State,31,16,15,.516,-15.17,-8.69,9,7,12,2,2,12,1933,2092,,1245,652,1637,.398,196,623,.315,431,659,.654,290,998,323,188,81,458,619
272,Seattle,30,14,16,.467,-9.27,-4.84,7,7,9,7,3,8,1952,2004,,1205,696,1632,.426,182,510,.357,378,568,.665,341,1101,393,182,48,468,542
273,Seton Hall,33,25,8,.758,14.77,7.71,12,6,13,3,7,4,2470,2237,,1325,872,1937,.450,202,573,.353,524,787,.666,425,1321,447,240,154,455,616
274,Siena,33,21,12,.636,2.29,-2.90,13,7,12,2,7,9,2579,2408,,1345,900,1937,.465,206,565,.365,573,792,.723,449,1336,477,202,151,526,695
275,South Alabama,33,14,19,.424,-8.04,-1.87,8,12,8,6,4,11,2284,2426,,1345,784,1917,.409,213,660,.323,503,747,.673,390,1228,350,221,132,482,664
276,South Carolina State,33,19,14,.576,-9.86,-8.19,12,4,10,1,6,11,2411,2407,,1320,856,1894,.452,196,571,.343,503,696,.723,332,1109,422,150,91,380,632
277,South Carolina Upstate,32,10,22,.313,-13.68,-4.29,4,10,7,10,3,12,2315,2495,,1290,860,1914,.449,218,640,.341,377,590,.639,420,1226,484,175,106,449,623
278,South Carolina,32,24,8,.750,12.66,6.24,11,7,15,2,5,5,2429,2208,,1290,820,1920,.427,202,573,.353,587,861,.682,457,1312,424,221,139,444,645
279,South Dakota State,33,26,7,.788,5.49,-1.54,12,4,13,0,8,7,2517,2237,,1320,853,1891,.451,245,686,.357,566,766,.739,370,1251,373,164,82,386,651
280,South Dakota,32,14,18,.438,-5.33,-0.63,5,11,6,6,5,10,2443,2537,,1305,912,1954,.467,201,565,.356,418,596,.701,289,1077,492,209,113,386,662
281,South Florida,33,8,25,.242,-2.66,5.43,4,14,4,14,3,9,2085,2352,,1320,774,1852,.418,133,465,.286,404,612,.660,413,1271,331,150,176,482,588
282,Southeast Missouri State,29,5,24,.172,-15.90,-3.27,2,14,3,10,2,14,1944,2252,,1165,699,1710,.409,154,513,.300,392,612,.641,325,1022,358,218,46,401,514
283,Southeastern Louisiana,33,12,21,.364,-13.34,-7.27,9,9,9,3,2,15,2344,2489,,1325,831,1833,.453,241,648,.372,441,694,.635,336,1140,472,211,89,504,688
284,Southern California,33,21,12,.636,14.03,7.94,9,9,16,2,3,7,2668,2467,,1340,954,2086,.457,260,675,.385,500,737,.678,397,1302,491,209,179,404,576
285,SIU Edwardsville,28,6,22,.214,-10.61,-2.43,3,13,3,11,3,11,1839,2068,,1130,634,1591,.398,158,519,.304,413,587,.704,339,999,303,138,112,376,619
286,Southern Illinois,32,22,10,.688,2.71,-1.38,11,7,12,4,9,4,2360,2229,,1290,828,1827,.453,212,618,.343,492,718,.685,357,1135,371,232,63,438,685
287,Southern Methodist,30,25,5,.833,18.68,4.82,13,5,16,1,7,4,2319,1903,,1200,858,1727,.497,194,462,.420,409,584,.700,396,1183,528,182,137,370,472
288,Southern Mississippi,29,8,21,.276,-10.44,-3.51,5,13,6,9,2,12,1866,2045,,1180,612,1496,.409,257,721,.356,385,540,.713,228,920,353,156,63,386,543
289,Southern Utah,30,6,24,.200,-17.17,-4.02,3,15,3,10,3,13,2119,2429,,1210,739,1682,.439,210,577,.364,431,607,.710,244,926,356,170,86,393,621
290,Southern,34,22,12,.647,-7.17,-9.04,11,7,12,1,6,10,2479,2347,,1360,887,1990,.446,208,590,.353,497,743,.669,356,1225,372,254,121,382,660
291,St. Bonaventure,30,22,8,.733,7.18,2.21,14,4,14,2,8,5,2334,2185,,1210,786,1764,.446,247,656,.377,515,667,.772,330,1069,408,177,128,345,587
292,St. Francis (NY),32,15,17,.469,-10.94,-8.94,11,7,9,5,6,11,2095,2131,,1290,710,1787,.397,240,776,.309,435,652,.667,390,1184,370,191,161,442,600
293,St. John's (NY),32,8,24,.250,-2.05,7.79,1,17,6,10,0,10,2174,2472,,1280,757,1864,.406,206,633,.325,454,714,.636,346,1141,413,202,173,489,680
294,Stanford,30,15,15,.500,8.50,10.85,8,10,12,5,2,8,2088,2111,,1210,704,1653,.426,172,538,.320,508,742,.685,329,1030,350,203,94,355,600
295,Stephen F. Austin,32,27,5,.844,8.47,-6.82,18,0,14,0,9,4,2583,2021,,1280,926,1913,.484,254,691,.368,477,653,.730,378,1128,604,290,114,396,660
296,Stetson,34,12,22,.353,-10.75,-4.32,4,10,6,8,5,13,2729,2807,,1390,962,2124,.453,282,773,.365,523,725,.721,334,1213,519,215,83,418,614
297,Stony Brook,32,26,6,.813,4.25,-6.02,14,2,14,1,11,5,2458,2030,,1285,913,1916,.477,217,585,.371,415,619,.670,401,1266,531,198,147,363,509
298,Syracuse,32,19,13,.594,13.58,9.08,9,9,13,4,3,7,2247,2103,,1295,766,1794,.427,280,776,.361,435,637,.683,378,1129,445,259,128,385,530
299,Temple,32,21,11,.656,7.62,6.41,14,4,11,3,8,4,2197,2158,,1300,792,1955,.405,251,739,.340,362,529,.684,357,1175,433,171,100,289,514
300,Tennessee-Martin,33,19,14,.576,-5.72,-4.81,10,6,11,2,7,9,2398,2338,,1335,833,1879,.443,256,746,.343,476,671,.709,356,1208,400,191,67,403,582
301,Tennessee State,30,20,10,.667,-1.59,-5.37,11,5,11,2,7,7,2200,2056,,1210,771,1692,.456,163,495,.329,495,712,.695,341,1115,316,231,107,407,621
302,Tennessee Tech,30,19,11,.633,-2.75,-3.78,11,5,14,1,5,9,2357,2265,,1205,771,1681,.459,259,710,.365,556,749,.742,285,1076,432,158,117,375,584
303,Tennessee,34,15,19,.441,8.17,8.23,6,12,12,4,1,11,2554,2556,,1360,890,2116,.421,251,767,.327,523,721,.725,428,1292,459,180,156,384,662
304,Texas A&M-Corpus Christi,32,25,7,.781,-2.37,-5.51,15,3,13,1,10,5,2356,2212,,1280,814,1858,.438,206,609,.338,522,708,.737,366,1128,410,303,147,410,681
305,Texas A&M,33,26,7,.788,19.21,8.36,13,5,17,1,5,5,2504,2146,,1325,878,1950,.450,255,722,.353,493,733,.673,419,1282,562,230,124,387,594
306,Texas-Arlington,33,23,10,.697,5.75,-2.81,13,7,13,2,9,7,2627,2295,,1335,903,2129,.424,294,896,.328,527,758,.695,494,1447,561,241,91,448,691
307,Texas Christian,33,12,21,.364,4.69,9.24,2,16,9,9,1,10,2209,2359,,1320,734,1810,.406,187,558,.335,554,826,.671,355,1111,382,213,126,478,675
308,Texas-El Paso,33,19,14,.576,-3.63,-4.76,10,8,14,4,2,9,2554,2471,,1335,896,1926,.465,223,618,.361,539,809,.666,299,1196,512,197,116,416,672
309,Texas-Rio Grande Valley,30,8,22,.267,-17.60,-3.97,4,10,7,6,1,13,1993,2330,,1200,716,1712,.418,212,633,.335,349,520,.671,258,1004,459,143,91,372,536
310,Texas-San Antonio,32,5,27,.156,-16.21,-3.21,3,15,4,10,1,14,2317,2698,,1290,796,1915,.416,220,691,.318,505,719,.702,327,1086,366,206,80,435,701
311,Texas Southern,32,18,14,.563,-4.57,-7.29,16,2,9,0,7,12,2330,2243,,1280,819,1788,.458,219,642,.341,473,752,.629,395,1210,456,143,96,424,485
312,Texas State,31,15,16,.484,-5.14,-4.07,8,12,10,4,4,11,2046,1993,,1250,727,1692,.430,149,459,.325,443,658,.673,335,1063,366,189,96,368,576
313,Texas Tech,31,19,12,.613,13.21,10.66,9,9,14,3,3,7,2244,2165,,1255,760,1700,.447,178,516,.345,546,732,.746,320,1058,404,182,130,368,573
314,Texas,32,20,12,.625,15.77,12.49,11,7,14,3,5,5,2283,2178,,1290,789,1828,.432,223,658,.339,482,725,.665,351,1107,367,165,140,332,664
315,Toledo,32,17,15,.531,3.12,-2.21,8,10,9,6,6,8,2482,2286,,1280,865,1881,.460,263,722,.364,489,655,.747,306,1161,523,167,63,373,552
316,Towson,32,20,12,.625,0.62,-1.55,11,7,12,3,7,6,2286,2137,,1290,779,1825,.427,178,553,.322,550,810,.679,461,1257,361,199,150,391,651
317,Troy,31,9,22,.290,-9.01,-1.88,4,16,4,10,4,10,2145,2329,,1250,740,1817,.407,208,675,.308,457,713,.641,349,1132,349,185,88,376,582
318,Tulane,34,12,22,.353,-0.61,4.04,3,15,6,10,2,10,2240,2398,,1390,802,2021,.397,216,719,.300,420,621,.676,415,1266,372,218,131,449,649
319,Tulsa,31,20,11,.645,10.07,5.74,12,6,12,3,6,5,2294,2160,,1250,796,1793,.444,216,656,.329,486,716,.679,313,1087,425,211,83,332,548
320,UCLA,32,15,17,.469,10.87,10.09,6,12,11,6,3,7,2480,2455,,1295,915,2016,.454,200,551,.363,450,651,.691,393,1266,502,175,110,389,595
321,Utah State,31,16,15,.516,2.63,2.01,7,11,10,6,5,8,2274,2217,,1240,802,1779,.451,257,695,.370,413,597,.692,319,1107,454,171,81,373,546
322,Utah Valley,30,12,18,.400,-9.34,-3.34,6,8,7,7,5,9,2280,2360,,1210,785,1833,.428,256,729,.351,454,628,.723,275,1100,435,176,95,398,627
323,Utah,34,26,8,.765,16.56,9.07,13,5,16,1,5,5,2639,2351,,1380,928,1898,.489,259,713,.363,524,734,.714,328,1273,532,183,145,414,524
324,Valparaiso,32,26,6,.813,10.25,-1.38,16,2,14,1,12,4,2425,1991,,1290,836,1892,.442,260,718,.362,493,681,.724,417,1345,444,222,143,412,639
325,Vanderbilt,32,19,13,.594,18.27,8.86,11,7,14,2,3,9,2456,2155,,1290,841,1826,.461,270,695,.388,504,721,.699,304,1235,478,138,177,370,610
326,Vermont,34,21,13,.618,-1.37,-4.58,11,5,12,3,8,8,2550,2397,,1360,915,1877,.487,234,604,.387,486,689,.705,307,1198,460,188,144,449,658
327,Villanova,34,29,5,.853,21.64,8.37,16,2,15,1,10,2,2617,2166,,1365,905,1936,.467,291,847,.344,516,664,.777,315,1211,549,229,116,377,596
328,Virginia Commonwealth,33,24,9,.727,14.19,3.58,14,4,15,2,7,4,2551,2201,,1330,925,2048,.452,240,665,.361,461,668,.690,413,1237,474,294,125,376,644
329,VMI,30,9,21,.300,-12.56,-2.75,4,14,8,6,1,14,2081,2264,,1205,729,1770,.412,263,783,.336,360,498,.723,290,996,330,184,126,394,586
330,Virginia Tech,33,19,14,.576,10.16,7.67,10,8,13,5,4,6,2461,2379,,1340,818,1822,.449,191,535,.357,634,906,.700,342,1140,402,178,113,422,634
331,Virginia,33,26,7,.788,22.07,11.38,13,5,15,0,5,6,2322,1969,,1325,849,1744,.487,198,490,.404,426,565,.754,296,1053,473,181,97,309,540
332,Wagner,32,22,10,.688,-4.45,-10.42,13,5,13,4,9,6,2256,2047,,1285,809,1896,.427,190,577,.329,448,629,.712,448,1282,426,221,131,423,696
333,Wake Forest,31,11,20,.355,5.80,10.80,2,16,6,9,3,9,2295,2450,,1250,793,1804,.440,195,618,.316,514,779,.660,377,1186,434,184,138,451,649
334,Washington State,31,9,22,.290,0.94,8.41,1,17,8,9,0,10,2187,2394,,1260,805,1760,.457,184,530,.347,393,551,.713,247,1048,419,155,134,434,615
335,Washington,32,18,14,.563,12.16,8.57,9,9,12,5,3,6,2668,2553,,1305,902,2124,.425,240,720,.333,624,863,.723,442,1278,461,245,213,441,767
336,Weber State,34,26,8,.765,0.30,-5.76,15,3,13,1,6,7,2609,2273,,1380,886,1828,.485,287,764,.376,550,810,.679,289,1269,468,167,117,452,597
337,West Virginia,34,26,8,.765,22.92,10.33,13,5,13,2,7,4,2693,2265,,1370,927,2050,.452,206,627,.329,633,945,.670,541,1332,502,338,86,476,792
338,Western Carolina,33,16,17,.485,-4.52,-1.12,10,8,12,2,3,14,2405,2411,,1345,827,1922,.430,234,706,.331,517,736,.702,389,1201,413,265,109,474,677
339,Western Illinois,27,10,17,.370,-5.95,-1.08,3,13,7,6,3,11,1904,1914,,1080,676,1521,.444,190,490,.388,362,502,.721,233,948,361,163,89,332,555
340,Western Kentucky,34,18,16,.529,-1.20,-0.80,8,10,12,4,3,9,2620,2586,,1385,925,1970,.470,233,643,.362,537,768,.699,404,1311,463,151,139,449,610
341,Western Michigan,32,13,19,.406,-1.82,0.32,7,11,10,5,2,12,2342,2352,,1310,786,1824,.431,197,569,.346,573,805,.712,359,1190,382,183,80,398,633
342,Wichita State,32,24,8,.750,16.62,2.91,16,2,14,1,9,3,2343,1896,,1290,801,1846,.434,234,710,.330,507,710,.714,373,1199,460,231,118,316,644
343,William & Mary,31,20,11,.645,5.87,1.59,11,7,12,3,7,7,2384,2205,,1250,843,1755,.480,241,652,.370,457,636,.719,263,1142,501,170,132,331,512
344,Winthrop,32,23,9,.719,-1.02,-5.30,13,5,14,1,7,7,2631,2429,,1280,890,1869,.476,285,768,.371,566,756,.749,291,1160,378,174,175,403,602
345,Wisconsin,32,20,12,.625,13.51,9.20,12,6,13,5,6,5,2204,2066,,1290,751,1748,.430,211,590,.358,491,694,.707,368,1117,371,188,102,350,541
346,Wofford,32,15,17,.469,-3.42,-2.02,11,7,11,2,4,14,2296,2295,,1295,771,1725,.447,270,662,.408,484,645,.750,273,1013,470,163,56,377,608
347,Wright State,35,22,13,.629,0.22,-1.72,13,5,13,2,5,9,2399,2303,,1405,856,1916,.447,256,687,.373,431,621,.694,232,1094,478,193,75,395,770
348,Wyoming,32,14,18,.438,0.10,2.20,7,11,10,6,4,8,2294,2302,,1295,720,1626,.443,319,857,.372,535,747,.716,179,989,392,132,84,358,594
349,Xavier,32,27,5,.844,18.74,8.43,14,4,15,1,8,3,2603,2273,,1280,876,1938,.452,243,672,.362,608,832,.731,418,1308,524,234,98,406,645
350,Yale,28,22,6,.786,8.62,-2.35,13,1,12,0,9,6,2105,1768,,1125,744,1579,.471,181,484,.374,436,657,.664,378,1130,425,162,128,375,497
351,Youngstown State,32,11,21,.344,-10.82,-0.82,6,12,6,8,3,11,2437,2682,,1305,870,2021,.430,257,704,.365,440,619,.711,283,1081,467,219,80,387,571
